ID,from_node,to_node,distance,spend_tm
1,0,1,39.12975701,39
2,0,2,39.12975701,39
3,0,3,29.00192903,29
4,0,4,29.00192903,29
5,0,5,39.22175414,39
6,0,6,39.22175414,39
7,0,7,34.20644937,34
8,0,8,34.20644937,34
9,0,9,39.29193667,39
10,0,10,39.29193667,39
11,0,11,29.5722378,29
12,0,12,29.5722378,29
13,0,13,30.0627275,30
14,0,14,30.0627275,30
15,0,15,34.66780325,34
16,0,16,34.66780325,34
17,0,17,29.40256994,29
18,0,18,29.40256994,29
19,0,19,25.84524472,25
20,0,20,25.84524472,25
21,0,21,27.23895046,27
22,0,22,27.23895046,27
23,0,23,24.4721097,24
24,0,24,24.4721097,24
25,0,25,32.75767025,32
26,0,26,32.75767025,32
27,0,27,26.61615737,26
28,0,28,26.61615737,26
29,0,29,31.47541044,31
30,0,30,31.47541044,31
31,0,31,32.89922348,32
32,0,32,32.89922348,32
33,0,33,30.18350052,30
34,0,34,30.18350052,30
35,0,35,50.17810331,50
36,0,36,50.17810331,50
37,0,37,44.5161778,44
38,0,38,44.5161778,44
39,0,39,38.96021607,38
40,0,40,38.96021607,38
41,0,41,50.03771699,50
42,0,42,50.03771699,50
43,0,43,38.91822433,38
44,0,44,38.91822433,38
45,0,45,50.07285323,50
46,0,46,50.07285323,50
47,0,47,38.96021607,38
48,0,48,38.96021607,38
49,0,49,50.25688539,50
50,0,50,50.25688539,50
101,0,51,0,0
102,1,0,39.12975701,39
103,1,2,0,0
104,1,3,11.13082915,11
105,1,4,11.13082915,11
106,1,5,0.290705334,0
107,1,6,0.290705334,0
108,1,7,5.601687076,5
109,1,8,5.601687076,5
110,1,9,0.484411246,0
111,1,10,0.484411246,0
112,1,11,11.18101356,11
113,1,12,11.18101356,11
114,1,13,11.24453056,11
115,1,14,11.24453056,11
116,1,15,5.725359873,5
117,1,16,5.725359873,5
118,1,17,55.79951513,55
119,1,18,55.79951513,55
120,1,19,50.24236226,50
121,1,20,50.24236226,50
122,1,21,50.30002699,50
123,1,22,50.30002699,50
124,1,23,44.74421258,44
125,1,24,44.74421258,44
126,1,25,55.95470851,55
127,1,26,55.95470851,55
128,1,27,44.84508835,44
129,1,28,44.84508835,44
130,1,29,50.51414405,50
131,1,30,50.51414405,50
132,1,31,50.59885966,50
133,1,32,50.59885966,50
134,1,33,45.04724832,45
135,1,34,45.04724832,45
136,1,35,89.2618295,89
137,1,36,89.2618295,89
138,1,37,83.64343617,83
139,1,38,83.64343617,83
140,1,39,78.08567146,78
141,1,40,78.08567146,78
142,1,41,89.14728203,89
143,1,42,89.14728203,89
144,1,43,78.03082638,78
145,1,44,78.03082638,78
146,1,45,89.09987345,89
147,1,46,89.09987345,89
148,1,47,77.98267583,77
149,1,48,77.98267583,77
150,1,49,89.04126454,89
151,1,50,89.04126454,89
202,1,51,39.12975701,39
203,2,0,39.12975701,39
204,2,1,0,0
205,2,3,11.13082915,11
206,2,4,11.13082915,11
207,2,5,0.290705334,0
208,2,6,0.290705334,0
209,2,7,5.601687076,5
210,2,8,5.601687076,5
211,2,9,0.484411246,0
212,2,10,0.484411246,0
213,2,11,11.18101356,11
214,2,12,11.18101356,11
215,2,13,11.24453056,11
216,2,14,11.24453056,11
217,2,15,5.725359873,5
218,2,16,5.725359873,5
219,2,17,55.79951513,55
220,2,18,55.79951513,55
221,2,19,50.24236226,50
222,2,20,50.24236226,50
223,2,21,50.30002699,50
224,2,22,50.30002699,50
225,2,23,44.74421258,44
226,2,24,44.74421258,44
227,2,25,55.95470851,55
228,2,26,55.95470851,55
229,2,27,44.84508835,44
230,2,28,44.84508835,44
231,2,29,50.51414405,50
232,2,30,50.51414405,50
233,2,31,50.59885966,50
234,2,32,50.59885966,50
235,2,33,45.04724832,45
236,2,34,45.04724832,45
237,2,35,89.2618295,89
238,2,36,89.2618295,89
239,2,37,83.64343617,83
240,2,38,83.64343617,83
241,2,39,78.08567146,78
242,2,40,78.08567146,78
243,2,41,89.14728203,89
244,2,42,89.14728203,89
245,2,43,78.03082638,78
246,2,44,78.03082638,78
247,2,45,89.09987345,89
248,2,46,89.09987345,89
249,2,47,77.98267583,77
250,2,48,77.98267583,77
251,2,49,89.04126454,89
252,2,50,89.04126454,89
303,2,51,39.12975701,39
304,3,0,29.00192903,29
305,3,1,11.13082915,11
306,3,2,11.13082915,11
307,3,4,0,0
308,3,5,11.11949266,11
309,3,6,11.11949266,11
310,3,7,5.579723831,5
311,3,8,5.579723831,5
312,3,9,11.12453316,11
313,3,10,11.12453316,11
314,3,11,1.150956476,1
315,3,12,1.150956476,1
316,3,13,2.01338664,2
317,3,14,2.01338664,2
318,3,15,5.799474645,5
319,3,16,5.799474645,5
320,3,17,44.93521713,44
321,3,18,44.93521713,44
322,3,19,39.39690498,39
323,3,20,39.39690498,39
324,3,21,39.56767041,39
325,3,22,39.56767041,39
326,3,23,34.044777,34
327,3,24,34.044777,34
328,3,25,45.38844376,45
329,3,26,45.38844376,45
330,3,27,34.36373379,34
331,3,28,34.36373379,34
332,3,29,40.22723078,40
333,3,30,40.22723078,40
334,3,31,40.49414378,40
335,3,32,40.49414378,40
336,3,33,35.01921205,35
337,3,34,35.01921205,35
338,3,35,79.10482441,79
339,3,36,79.10482441,79
340,3,37,73.35307653,73
341,3,38,73.35307653,73
342,3,39,67.82063472,67
343,3,40,67.82063472,67
344,3,41,78.68996641,78
345,3,42,78.68996641,78
346,3,43,67.61348742,67
347,3,44,67.61348742,67
348,3,45,78.51233446,78
349,3,46,78.51233446,78
350,3,47,67.42714065,67
351,3,48,67.42714065,67
352,3,49,78.28391314,78
353,3,50,78.28391314,78
404,3,51,29.00192903,29
405,4,0,29.00192903,29
406,4,1,11.13082915,11
407,4,2,11.13082915,11
408,4,3,0,0
409,4,5,11.11949266,11
410,4,6,11.11949266,11
411,4,7,5.579723831,5
412,4,8,5.579723831,5
413,4,9,11.12453316,11
414,4,10,11.12453316,11
415,4,11,1.150956476,1
416,4,12,1.150956476,1
417,4,13,2.01338664,2
418,4,14,2.01338664,2
419,4,15,5.799474645,5
420,4,16,5.799474645,5
421,4,17,44.93521713,44
422,4,18,44.93521713,44
423,4,19,39.39690498,39
424,4,20,39.39690498,39
425,4,21,39.56767041,39
426,4,22,39.56767041,39
427,4,23,34.044777,34
428,4,24,34.044777,34
429,4,25,45.38844376,45
430,4,26,45.38844376,45
431,4,27,34.36373379,34
432,4,28,34.36373379,34
433,4,29,40.22723078,40
434,4,30,40.22723078,40
435,4,31,40.49414378,40
436,4,32,40.49414378,40
437,4,33,35.01921205,35
438,4,34,35.01921205,35
439,4,35,79.10482441,79
440,4,36,79.10482441,79
441,4,37,73.35307653,73
442,4,38,73.35307653,73
443,4,39,67.82063472,67
444,4,40,67.82063472,67
445,4,41,78.68996641,78
446,4,42,78.68996641,78
447,4,43,67.61348742,67
448,4,44,67.61348742,67
449,4,45,78.51233446,78
450,4,46,78.51233446,78
451,4,47,67.42714065,67
452,4,48,67.42714065,67
453,4,49,78.28391314,78
454,4,50,78.28391314,78
505,4,51,29.00192903,29
506,5,0,39.22175414,39
507,5,1,0.290705334,0
508,5,2,0.290705334,0
509,5,3,11.11949266,11
510,5,4,11.11949266,11
511,5,6,0,0
512,5,7,5.56648162,5
513,5,8,5.56648162,5
514,5,9,0.193815763,0
515,5,10,0.193815763,0
516,5,11,11.13963495,11
517,5,12,11.13963495,11
518,5,13,11.18101356,11
519,5,14,11.18101356,11
520,5,15,5.641608078,5
521,5,16,5.641608078,5
522,5,17,55.7271045,55
523,5,18,55.7271045,55
524,5,19,50.16903511,50
525,5,20,50.16903511,50
526,5,21,50.21615375,50
527,5,22,50.21615375,50
528,5,23,44.65910696,44
529,5,24,44.65910696,44
530,5,25,55.85646908,55
531,5,26,55.85646908,55
532,5,27,44.74421258,44
533,5,28,44.74421258,44
534,5,29,50.39947164,50
535,5,30,50.39947164,50
536,5,31,50.47425124,50
537,5,32,50.47425124,50
538,5,33,44.92092276,44
539,5,34,44.92092276,44
540,5,35,89.36471361,89
541,5,36,89.36471361,89
542,5,37,83.73736618,83
543,5,38,83.73736618,83
544,5,39,78.18032931,78
545,5,40,78.18032931,78
546,5,41,89.23074812,89
547,5,42,89.23074812,89
548,5,43,78.11558199,78
549,5,44,78.11558199,78
550,5,45,89.17346528,89
551,5,46,89.17346528,89
552,5,47,78.05741646,78
553,5,48,78.05741646,78
554,5,49,89.09987345,89
555,5,50,89.09987345,89
606,5,51,39.22175414,39
607,6,0,39.22175414,39
608,6,1,0.290705334,0
609,6,2,0.290705334,0
610,6,3,11.11949266,11
611,6,4,11.11949266,11
612,6,5,0,0
613,6,7,5.56648162,5
614,6,8,5.56648162,5
615,6,9,0.193815763,0
616,6,10,0.193815763,0
617,6,11,11.13963495,11
618,6,12,11.13963495,11
619,6,13,11.18101356,11
620,6,14,11.18101356,11
621,6,15,5.641608078,5
622,6,16,5.641608078,5
623,6,17,55.7271045,55
624,6,18,55.7271045,55
625,6,19,50.16903511,50
626,6,20,50.16903511,50
627,6,21,50.21615375,50
628,6,22,50.21615375,50
629,6,23,44.65910696,44
630,6,24,44.65910696,44
631,6,25,55.85646908,55
632,6,26,55.85646908,55
633,6,27,44.74421258,44
634,6,28,44.74421258,44
635,6,29,50.39947164,50
636,6,30,50.39947164,50
637,6,31,50.47425124,50
638,6,32,50.47425124,50
639,6,33,44.92092276,44
640,6,34,44.92092276,44
641,6,35,89.36471361,89
642,6,36,89.36471361,89
643,6,37,83.73736618,83
644,6,38,83.73736618,83
645,6,39,78.18032931,78
646,6,40,78.18032931,78
647,6,41,89.23074812,89
648,6,42,89.23074812,89
649,6,43,78.11558199,78
650,6,44,78.11558199,78
651,6,45,89.17346528,89
652,6,46,89.17346528,89
653,6,47,78.05741646,78
654,6,48,78.05741646,78
655,6,49,89.09987345,89
656,6,50,89.09987345,89
707,6,51,39.22175414,39
708,7,0,34.20644937,34
709,7,1,5.601687076,5
710,7,2,5.601687076,5
711,7,3,5.579723831,5
712,7,4,5.579723831,5
713,7,5,5.56648162,5
714,7,6,5.56648162,5
715,7,8,0,0
716,7,9,5.559746332,5
717,7,10,5.559746332,5
718,7,11,5.579723831,5
719,7,12,5.579723831,5
720,7,13,5.683391463,5
721,7,14,5.683391463,5
722,7,15,0.965142733,0
723,7,16,0.965142733,0
724,7,17,50.23212669,50
725,7,18,50.23212669,50
726,7,19,44.67789961,44
727,7,20,44.67789961,44
728,7,21,44.76531278,44
729,7,22,44.76531278,44
730,7,23,39.21527374,39
731,7,24,39.21527374,39
732,7,25,50.47293334,50
733,7,26,50.47293334,50
734,7,27,39.3805585,39
735,7,28,39.3805585,39
736,7,29,45.11942939,45
737,7,30,45.11942939,45
738,7,31,45.26728765,45
739,7,32,45.26728765,45
740,7,33,39.73331183,39
741,7,34,39.73331183,39
742,7,35,84.38062589,84
743,7,36,84.38062589,84
744,7,37,78.67869707,78
745,7,38,78.67869707,78
746,7,39,73.13261294,73
747,7,40,73.13261294,73
748,7,41,84.08331102,84
749,7,42,84.08331102,84
750,7,43,72.98595262,72
751,7,44,72.98595262,72
752,7,45,83.95398353,83
753,7,46,83.95398353,83
754,7,47,72.85258282,72
755,7,48,72.85258282,72
756,7,49,83.78465979,83
757,7,50,83.78465979,83
808,7,51,34.20644937,34
809,8,0,34.20644937,34
810,8,1,5.601687076,5
811,8,2,5.601687076,5
812,8,3,5.579723831,5
813,8,4,5.579723831,5
814,8,5,5.56648162,5
815,8,6,5.56648162,5
816,8,7,0,0
817,8,9,5.559746332,5
818,8,10,5.559746332,5
819,8,11,5.579723831,5
820,8,12,5.579723831,5
821,8,13,5.683391463,5
822,8,14,5.683391463,5
823,8,15,0.965142733,0
824,8,16,0.965142733,0
825,8,17,50.23212669,50
826,8,18,50.23212669,50
827,8,19,44.67789961,44
828,8,20,44.67789961,44
829,8,21,44.76531278,44
830,8,22,44.76531278,44
831,8,23,39.21527374,39
832,8,24,39.21527374,39
833,8,25,50.47293334,50
834,8,26,50.47293334,50
835,8,27,39.3805585,39
836,8,28,39.3805585,39
837,8,29,45.11942939,45
838,8,30,45.11942939,45
839,8,31,45.26728765,45
840,8,32,45.26728765,45
841,8,33,39.73331183,39
842,8,34,39.73331183,39
843,8,35,84.38062589,84
844,8,36,84.38062589,84
845,8,37,78.67869707,78
846,8,38,78.67869707,78
847,8,39,73.13261294,73
848,8,40,73.13261294,73
849,8,41,84.08331102,84
850,8,42,84.08331102,84
851,8,43,72.98595262,72
852,8,44,72.98595262,72
853,8,45,83.95398353,83
854,8,46,83.95398353,83
855,8,47,72.85258282,72
856,8,48,72.85258282,72
857,8,49,83.78465979,83
858,8,50,83.78465979,83
909,8,51,34.20644937,34
910,9,0,39.29193667,39
911,9,1,0.484411246,0
912,9,2,0.484411246,0
913,9,3,11.12453316,11
914,9,4,11.12453316,11
915,9,5,0.193815763,0
916,9,6,0.193815763,0
917,9,7,5.559746332,5
918,9,8,5.559746332,5
919,9,10,0,0
920,9,11,11.12453316,11
921,9,12,11.12453316,11
922,9,13,11.15094198,11
923,9,14,11.15094198,11
924,9,15,5.601687076,5
925,9,16,5.601687076,5
926,9,17,55.68761599,55
927,9,18,55.68761599,55
928,9,19,50.12904071,50
929,9,20,50.12904071,50
930,9,21,50.16903511,50
931,9,22,50.16903511,50
932,9,23,44.61128577,44
933,9,24,44.61128577,44
934,9,25,55.79951513,55
935,9,26,55.79951513,55
936,9,27,44.68570306,44
937,9,28,44.68570306,44
938,9,29,50.33146096,50
939,9,30,50.33146096,50
940,9,31,50.39947164,50
941,9,32,50.39947164,50
942,9,33,44.84508835,44
943,9,34,44.84508835,44
944,9,35,89.44122629,89
945,9,36,89.44122629,89
946,9,37,83.80807053,83
947,9,38,83.80807053,83
948,9,39,78.25157247,78
949,9,40,78.25157247,78
950,9,41,89.29452455,89
951,9,42,89.29452455,89
952,9,43,78.18032931,78
953,9,44,78.18032931,78
954,9,45,89.23074812,89
955,9,46,89.23074812,89
956,9,47,78.11558199,78
957,9,48,78.11558199,78
958,9,49,89.14728203,89
959,9,50,89.14728203,89
1010,9,51,39.29193667,39
1011,10,0,39.29193667,39
1012,10,1,0.484411246,0
1013,10,2,0.484411246,0
1014,10,3,11.12453316,11
1015,10,4,11.12453316,11
1016,10,5,0.193815763,0
1017,10,6,0.193815763,0
1018,10,7,5.559746332,5
1019,10,8,5.559746332,5
1020,10,9,0,0
1021,10,11,11.12453316,11
1022,10,12,11.12453316,11
1023,10,13,11.15094198,11
1024,10,14,11.15094198,11
1025,10,15,5.601687076,5
1026,10,16,5.601687076,5
1027,10,17,55.68761599,55
1028,10,18,55.68761599,55
1029,10,19,50.12904071,50
1030,10,20,50.12904071,50
1031,10,21,50.16903511,50
1032,10,22,50.16903511,50
1033,10,23,44.61128577,44
1034,10,24,44.61128577,44
1035,10,25,55.79951513,55
1036,10,26,55.79951513,55
1037,10,27,44.68570306,44
1038,10,28,44.68570306,44
1039,10,29,50.33146096,50
1040,10,30,50.33146096,50
1041,10,31,50.39947164,50
1042,10,32,50.39947164,50
1043,10,33,44.84508835,44
1044,10,34,44.84508835,44
1045,10,35,89.44122629,89
1046,10,36,89.44122629,89
1047,10,37,83.80807053,83
1048,10,38,83.80807053,83
1049,10,39,78.25157247,78
1050,10,40,78.25157247,78
1051,10,41,89.29452455,89
1052,10,42,89.29452455,89
1053,10,43,78.18032931,78
1054,10,44,78.18032931,78
1055,10,45,89.23074812,89
1056,10,46,89.23074812,89
1057,10,47,78.11558199,78
1058,10,48,78.11558199,78
1059,10,49,89.14728203,89
1060,10,50,89.14728203,89
1111,10,51,39.29193667,39
1112,11,0,29.5722378,29
1113,11,1,11.18101356,11
1114,11,2,11.18101356,11
1115,11,3,1.150956476,1
1116,11,4,1.150956476,1
1117,11,5,11.13963495,11
1118,11,6,11.13963495,11
1119,11,7,5.579723831,5
1120,11,8,5.579723831,5
1121,11,9,11.12453316,11
1122,11,10,11.12453316,11
1123,11,12,0,0
1124,11,13,0.863288925,0
1125,11,14,0.863288925,0
1126,11,15,5.604590153,5
1127,11,16,5.604590153,5
1128,11,17,44.68208444,44
1129,11,18,44.68208444,44
1130,11,19,39.13203375,39
1131,11,20,39.13203375,39
1132,11,21,39.25155171,39
1133,11,22,39.25155171,39
1134,11,23,33.71106519,33
1135,11,24,33.71106519,33
1136,11,25,45.01386865,45
1137,11,26,45.01386865,45
1138,11,27,33.95138476,33
1139,11,28,33.95138476,33
1140,11,29,39.76335784,39
1141,11,30,39.76335784,39
1142,11,31,39.98341467,39
1143,11,32,39.98341467,39
1144,11,33,34.48269334,34
1145,11,34,34.48269334,34
1146,11,35,79.59698458,79
1147,11,36,79.59698458,79
1148,11,37,73.81722484,73
1149,11,38,73.81722484,73
1150,11,39,68.29585071,68
1151,11,40,68.29585071,68
1152,11,41,79.10482441,79
1153,11,42,79.10482441,79
1154,11,43,68.0482205,68
1155,11,44,68.0482205,68
1156,11,45,78.88756398,78
1157,11,46,78.88756398,78
1158,11,47,67.82063472,67
1159,11,48,67.82063472,67
1160,11,49,78.59863692,78
1161,11,50,78.59863692,78
1212,11,51,29.5722378,29
1213,12,0,29.5722378,29
1214,12,1,11.18101356,11
1215,12,2,11.18101356,11
1216,12,3,1.150956476,1
1217,12,4,1.150956476,1
1218,12,5,11.13963495,11
1219,12,6,11.13963495,11
1220,12,7,5.579723831,5
1221,12,8,5.579723831,5
1222,12,9,11.12453316,11
1223,12,10,11.12453316,11
1224,12,11,0,0
1225,12,13,0.863288925,0
1226,12,14,0.863288925,0
1227,12,15,5.604590153,5
1228,12,16,5.604590153,5
1229,12,17,44.68208444,44
1230,12,18,44.68208444,44
1231,12,19,39.13203375,39
1232,12,20,39.13203375,39
1233,12,21,39.25155171,39
1234,12,22,39.25155171,39
1235,12,23,33.71106519,33
1236,12,24,33.71106519,33
1237,12,25,45.01386865,45
1238,12,26,45.01386865,45
1239,12,27,33.95138476,33
1240,12,28,33.95138476,33
1241,12,29,39.76335784,39
1242,12,30,39.76335784,39
1243,12,31,39.98341467,39
1244,12,32,39.98341467,39
1245,12,33,34.48269334,34
1246,12,34,34.48269334,34
1247,12,35,79.59698458,79
1248,12,36,79.59698458,79
1249,12,37,73.81722484,73
1250,12,38,73.81722484,73
1251,12,39,68.29585071,68
1252,12,40,68.29585071,68
1253,12,41,79.10482441,79
1254,12,42,79.10482441,79
1255,12,43,68.0482205,68
1256,12,44,68.0482205,68
1257,12,45,78.88756398,78
1258,12,46,78.88756398,78
1259,12,47,67.82063472,67
1260,12,48,67.82063472,67
1261,12,49,78.59863692,78
1262,12,50,78.59863692,78
1313,12,51,29.5722378,29
1314,13,0,30.0627275,30
1315,13,1,11.24453056,11
1316,13,2,11.24453056,11
1317,13,3,2.01338664,2
1318,13,4,2.01338664,2
1319,13,5,11.18101356,11
1320,13,6,11.18101356,11
1321,13,7,5.683391463,5
1322,13,8,5.683391463,5
1323,13,9,11.15094198,11
1324,13,10,11.15094198,11
1325,13,11,0.863288925,0
1326,13,12,0.863288925,0
1327,13,14,0,0
1328,13,15,5.559746332,5
1329,13,16,5.559746332,5
1330,13,17,44.55787413,44
1331,13,18,44.55787413,44
1332,13,19,39.00194802,39
1333,13,20,39.00194802,39
1334,13,21,39.08207593,39
1335,13,22,39.08207593,39
1336,13,23,33.5318893,33
1337,13,24,33.5318893,33
1338,13,25,44.7962685,44
1339,13,26,44.7962685,44
1340,13,27,33.71106519,33
1341,13,28,33.71106519,33
1342,13,29,39.47914029,39
1343,13,30,39.47914029,39
1344,13,31,39.662432,39
1345,13,32,39.662432,39
1346,13,33,34.14468768,34
1347,13,34,34.14468768,34
1348,13,35,80.01506925,80
1349,13,36,80.01506925,80
1350,13,37,74.21613797,74
1351,13,38,74.21613797,74
1352,13,39,68.70394303,68
1353,13,40,68.70394303,68
1354,13,41,79.46685231,79
1355,13,42,79.46685231,79
1356,13,43,68.42705098,68
1357,13,44,68.42705098,68
1358,13,45,79.22072593,79
1359,13,46,79.22072593,79
1360,13,47,68.16955588,68
1361,13,48,68.16955588,68
1362,13,49,78.88756398,78
1363,13,50,78.88756398,78
1414,13,51,30.0627275,30
1415,14,0,30.0627275,30
1416,14,1,11.24453056,11
1417,14,2,11.24453056,11
1418,14,3,2.01338664,2
1419,14,4,2.01338664,2
1420,14,5,11.18101356,11
1421,14,6,11.18101356,11
1422,14,7,5.683391463,5
1423,14,8,5.683391463,5
1424,14,9,11.15094198,11
1425,14,10,11.15094198,11
1426,14,11,0.863288925,0
1427,14,12,0.863288925,0
1428,14,13,0,0
1429,14,15,5.559746332,5
1430,14,16,5.559746332,5
1431,14,17,44.55787413,44
1432,14,18,44.55787413,44
1433,14,19,39.00194802,39
1434,14,20,39.00194802,39
1435,14,21,39.08207593,39
1436,14,22,39.08207593,39
1437,14,23,33.5318893,33
1438,14,24,33.5318893,33
1439,14,25,44.7962685,44
1440,14,26,44.7962685,44
1441,14,27,33.71106519,33
1442,14,28,33.71106519,33
1443,14,29,39.47914029,39
1444,14,30,39.47914029,39
1445,14,31,39.662432,39
1446,14,32,39.662432,39
1447,14,33,34.14468768,34
1448,14,34,34.14468768,34
1449,14,35,80.01506925,80
1450,14,36,80.01506925,80
1451,14,37,74.21613797,74
1452,14,38,74.21613797,74
1453,14,39,68.70394303,68
1454,14,40,68.70394303,68
1455,14,41,79.46685231,79
1456,14,42,79.46685231,79
1457,14,43,68.42705098,68
1458,14,44,68.42705098,68
1459,14,45,79.22072593,79
1460,14,46,79.22072593,79
1461,14,47,68.16955588,68
1462,14,48,68.16955588,68
1463,14,49,78.88756398,78
1464,14,50,78.88756398,78
1515,14,51,30.0627275,30
1516,15,0,34.66780325,34
1517,15,1,5.725359873,5
1518,15,2,5.725359873,5
1519,15,3,5.799474645,5
1520,15,4,5.799474645,5
1521,15,5,5.641608078,5
1522,15,6,5.641608078,5
1523,15,7,0.965142733,0
1524,15,8,0.965142733,0
1525,15,9,5.601687076,5
1526,15,10,5.601687076,5
1527,15,11,5.604590153,5
1528,15,12,5.604590153,5
1529,15,13,5.559746332,5
1530,15,14,5.559746332,5
1531,15,16,0,0
1532,15,17,50.08646764,50
1533,15,18,50.08646764,50
1534,15,19,44.52811822,44
1535,15,20,44.52811822,44
1536,15,21,44.57615594,44
1537,15,22,44.57615594,44
1538,15,23,39.01976926,39
1539,15,24,39.01976926,39
1540,15,25,50.23212669,50
1541,15,26,50.23212669,50
1542,15,27,39.12494752,39
1543,15,28,39.12494752,39
1544,15,29,44.81482929,44
1545,15,30,44.81482929,44
1546,15,31,44.92535394,44
1547,15,32,44.92535394,44
1548,15,33,39.3805585,39
1549,15,34,39.3805585,39
1550,15,35,84.82260063,84
1551,15,36,84.82260063,84
1552,15,37,79.09570123,79
1553,15,38,79.09570123,79
1554,15,39,73.55592787,73
1555,15,40,73.55592787,73
1556,15,41,84.46286229,84
1557,15,42,84.46286229,84
1558,15,43,73.37703912,73
1559,15,44,73.37703912,73
1560,15,45,84.30152616,84
1561,15,46,84.30152616,84
1562,15,47,73.21085934,73
1563,15,48,73.21085934,73
1564,15,49,84.08331102,84
1565,15,50,84.08331102,84
1616,15,51,34.66780325,34
1617,16,0,34.66780325,34
1618,16,1,5.725359873,5
1619,16,2,5.725359873,5
1620,16,3,5.799474645,5
1621,16,4,5.799474645,5
1622,16,5,5.641608078,5
1623,16,6,5.641608078,5
1624,16,7,0.965142733,0
1625,16,8,0.965142733,0
1626,16,9,5.601687076,5
1627,16,10,5.601687076,5
1628,16,11,5.604590153,5
1629,16,12,5.604590153,5
1630,16,13,5.559746332,5
1631,16,14,5.559746332,5
1632,16,15,0,0
1633,16,17,50.08646764,50
1634,16,18,50.08646764,50
1635,16,19,44.52811822,44
1636,16,20,44.52811822,44
1637,16,21,44.57615594,44
1638,16,22,44.57615594,44
1639,16,23,39.01976926,39
1640,16,24,39.01976926,39
1641,16,25,50.23212669,50
1642,16,26,50.23212669,50
1643,16,27,39.12494752,39
1644,16,28,39.12494752,39
1645,16,29,44.81482929,44
1646,16,30,44.81482929,44
1647,16,31,44.92535394,44
1648,16,32,44.92535394,44
1649,16,33,39.3805585,39
1650,16,34,39.3805585,39
1651,16,35,84.82260063,84
1652,16,36,84.82260063,84
1653,16,37,79.09570123,79
1654,16,38,79.09570123,79
1655,16,39,73.55592787,73
1656,16,40,73.55592787,73
1657,16,41,84.46286229,84
1658,16,42,84.46286229,84
1659,16,43,73.37703912,73
1660,16,44,73.37703912,73
1661,16,45,84.30152616,84
1662,16,46,84.30152616,84
1663,16,47,73.21085934,73
1664,16,48,73.21085934,73
1665,16,49,84.08331102,84
1666,16,50,84.08331102,84
1717,16,51,34.66780325,34
1718,17,0,29.40256994,29
1719,17,1,55.79951513,55
1720,17,2,55.79951513,55
1721,17,3,44.93521713,44
1722,17,4,44.93521713,44
1723,17,5,55.7271045,55
1724,17,6,55.7271045,55
1725,17,7,50.23212669,50
1726,17,8,50.23212669,50
1727,17,9,55.68761599,55
1728,17,10,55.68761599,55
1729,17,11,44.68208444,44
1730,17,12,44.68208444,44
1731,17,13,44.55787413,44
1732,17,14,44.55787413,44
1733,17,15,50.08646764,50
1734,17,16,50.08646764,50
1735,17,18,0,0
1736,17,19,5.559746332,5
1737,17,20,5.559746332,5
1738,17,21,5.832502111,5
1739,17,22,5.832502111,5
1740,17,23,11.24821289,11
1741,17,24,11.24821289,11
1742,17,25,4.553801917,4
1743,17,26,4.553801917,4
1744,17,27,11.90100706,11
1745,17,28,11.90100706,11
1746,17,29,8.977719785,8
1747,17,30,8.977719785,8
1748,17,31,10.41743248,10
1749,17,32,10.41743248,10
1750,17,33,13.98389541,13
1751,17,34,13.98389541,13
1752,17,35,48.26421503,48
1753,17,36,48.26421503,48
1754,17,37,42.69540316,42
1755,17,38,42.69540316,42
1756,17,39,38.88376282,38
1757,17,40,38.88376282,38
1758,17,41,45.39653922,45
1759,17,42,45.39653922,45
1760,17,43,37.27329658,37
1761,17,44,37.27329658,37
1762,17,45,44.03385972,44
1763,17,46,44.03385972,44
1764,17,47,35.69906937,35
1765,17,48,35.69906937,35
1766,17,49,42.09252947,42
1767,17,50,42.09252947,42
1818,17,51,29.40256994,29
1819,18,0,29.40256994,29
1820,18,1,55.79951513,55
1821,18,2,55.79951513,55
1822,18,3,44.93521713,44
1823,18,4,44.93521713,44
1824,18,5,55.7271045,55
1825,18,6,55.7271045,55
1826,18,7,50.23212669,50
1827,18,8,50.23212669,50
1828,18,9,55.68761599,55
1829,18,10,55.68761599,55
1830,18,11,44.68208444,44
1831,18,12,44.68208444,44
1832,18,13,44.55787413,44
1833,18,14,44.55787413,44
1834,18,15,50.08646764,50
1835,18,16,50.08646764,50
1836,18,17,0,0
1837,18,19,5.559746332,5
1838,18,20,5.559746332,5
1839,18,21,5.832502111,5
1840,18,22,5.832502111,5
1841,18,23,11.24821289,11
1842,18,24,11.24821289,11
1843,18,25,4.553801917,4
1844,18,26,4.553801917,4
1845,18,27,11.90100706,11
1846,18,28,11.90100706,11
1847,18,29,8.977719785,8
1848,18,30,8.977719785,8
1849,18,31,10.41743248,10
1850,18,32,10.41743248,10
1851,18,33,13.98389541,13
1852,18,34,13.98389541,13
1853,18,35,48.26421503,48
1854,18,36,48.26421503,48
1855,18,37,42.69540316,42
1856,18,38,42.69540316,42
1857,18,39,38.88376282,38
1858,18,40,38.88376282,38
1859,18,41,45.39653922,45
1860,18,42,45.39653922,45
1861,18,43,37.27329658,37
1862,18,44,37.27329658,37
1863,18,45,44.03385972,44
1864,18,46,44.03385972,44
1865,18,47,35.69906937,35
1866,18,48,35.69906937,35
1867,18,49,42.09252947,42
1868,18,50,42.09252947,42
1919,18,51,29.40256994,29
1920,19,0,25.84524472,25
1921,19,1,50.24236226,50
1922,19,2,50.24236226,50
1923,19,3,39.39690498,39
1924,19,4,39.39690498,39
1925,19,5,50.16903511,50
1926,19,6,50.16903511,50
1927,19,7,44.67789961,44
1928,19,8,44.67789961,44
1929,19,9,50.12904071,50
1930,19,10,50.12904071,50
1931,19,11,39.13203375,39
1932,19,12,39.13203375,39
1933,19,13,39.00194802,39
1934,19,14,39.00194802,39
1935,19,15,44.52811822,44
1936,19,16,44.52811822,44
1937,19,17,5.559746332,5
1938,19,18,5.559746332,5
1939,19,20,0,0
1940,19,21,1.703569375,1
1941,19,22,1.703569375,1
1942,19,23,5.795949836,5
1943,19,24,5.795949836,5
1944,19,25,7.094192527,7
1945,19,26,7.094192527,7
1946,19,27,6.904403344,6
1947,19,28,6.904403344,6
1948,19,29,6.812130953,6
1949,19,30,6.812130953,6
1950,19,31,8.513551261,8
1951,19,32,8.513551261,8
1952,19,33,9.894055054,9
1953,19,34,9.894055054,9
1954,19,35,51.67656166,51
1955,19,36,51.67656166,51
1956,19,37,45.91117015,45
1957,19,38,45.91117015,45
1958,19,39,41.64376865,41
1959,19,40,41.64376865,41
1960,19,41,49.14802217,49
1961,19,42,49.14802217,49
1962,19,43,40.2294699,40
1963,19,44,40.2294699,40
1964,19,45,47.95636877,47
1965,19,46,47.95636877,47
1966,19,47,38.85778775,38
1967,19,48,38.85778775,38
1968,19,49,46.27103352,46
1969,19,50,46.27103352,46
2020,19,51,25.84524472,25
2021,20,0,25.84524472,25
2022,20,1,50.24236226,50
2023,20,2,50.24236226,50
2024,20,3,39.39690498,39
2025,20,4,39.39690498,39
2026,20,5,50.16903511,50
2027,20,6,50.16903511,50
2028,20,7,44.67789961,44
2029,20,8,44.67789961,44
2030,20,9,50.12904071,50
2031,20,10,50.12904071,50
2032,20,11,39.13203375,39
2033,20,12,39.13203375,39
2034,20,13,39.00194802,39
2035,20,14,39.00194802,39
2036,20,15,44.52811822,44
2037,20,16,44.52811822,44
2038,20,17,5.559746332,5
2039,20,18,5.559746332,5
2040,20,19,0,0
2041,20,21,1.703569375,1
2042,20,22,1.703569375,1
2043,20,23,5.795949836,5
2044,20,24,5.795949836,5
2045,20,25,7.094192527,7
2046,20,26,7.094192527,7
2047,20,27,6.904403344,6
2048,20,28,6.904403344,6
2049,20,29,6.812130953,6
2050,20,30,6.812130953,6
2051,20,31,8.513551261,8
2052,20,32,8.513551261,8
2053,20,33,9.894055054,9
2054,20,34,9.894055054,9
2055,20,35,51.67656166,51
2056,20,36,51.67656166,51
2057,20,37,45.91117015,45
2058,20,38,45.91117015,45
2059,20,39,41.64376865,41
2060,20,40,41.64376865,41
2061,20,41,49.14802217,49
2062,20,42,49.14802217,49
2063,20,43,40.2294699,40
2064,20,44,40.2294699,40
2065,20,45,47.95636877,47
2066,20,46,47.95636877,47
2067,20,47,38.85778775,38
2068,20,48,38.85778775,38
2069,20,49,46.27103352,46
2070,20,50,46.27103352,46
2121,20,51,25.84524472,25
2122,21,0,27.23895046,27
2123,21,1,50.30002699,50
2124,21,2,50.30002699,50
2125,21,3,39.56767041,39
2126,21,4,39.56767041,39
2127,21,5,50.21615375,50
2128,21,6,50.21615375,50
2129,21,7,44.76531278,44
2130,21,8,44.76531278,44
2131,21,9,50.16903511,50
2132,21,10,50.16903511,50
2133,21,11,39.25155171,39
2134,21,12,39.25155171,39
2135,21,13,39.08207593,39
2136,21,14,39.08207593,39
2137,21,15,44.57615594,44
2138,21,16,44.57615594,44
2139,21,17,5.832502111,5
2140,21,18,5.832502111,5
2141,21,19,1.703569375,1
2142,21,20,1.703569375,1
2143,21,22,0,0
2144,21,23,5.559746332,5
2145,21,24,5.559746332,5
2146,21,25,6.156450133,6
2147,21,26,6.156450133,6
2148,21,27,6.078281263,6
2149,21,28,6.078281263,6
2150,21,29,5.109849898,5
2151,21,30,5.109849898,5
2152,21,31,6.812130953,6
2153,21,32,6.812130953,6
2154,21,33,8.590514644,8
2155,21,34,8.590514644,8
2156,21,35,53.00596621,53
2157,21,36,53.00596621,53
2158,21,37,47.27925611,47
2159,21,38,47.27925611,47
2160,21,39,43.09607406,43
2161,21,40,43.09607406,43
2162,21,41,50.38937124,50
2163,21,42,50.38937124,50
2164,21,43,41.64376865,41
2165,21,44,41.64376865,41
2166,21,45,49.14802217,49
2167,21,46,49.14802217,49
2168,21,47,40.2294699,40
2169,21,48,40.2294699,40
2170,21,49,47.3804426,47
2171,21,50,47.3804426,47
2222,21,51,27.23895046,27
2223,22,0,27.23895046,27
2224,22,1,50.30002699,50
2225,22,2,50.30002699,50
2226,22,3,39.56767041,39
2227,22,4,39.56767041,39
2228,22,5,50.21615375,50
2229,22,6,50.21615375,50
2230,22,7,44.76531278,44
2231,22,8,44.76531278,44
2232,22,9,50.16903511,50
2233,22,10,50.16903511,50
2234,22,11,39.25155171,39
2235,22,12,39.25155171,39
2236,22,13,39.08207593,39
2237,22,14,39.08207593,39
2238,22,15,44.57615594,44
2239,22,16,44.57615594,44
2240,22,17,5.832502111,5
2241,22,18,5.832502111,5
2242,22,19,1.703569375,1
2243,22,20,1.703569375,1
2244,22,21,0,0
2245,22,23,5.559746332,5
2246,22,24,5.559746332,5
2247,22,25,6.156450133,6
2248,22,26,6.156450133,6
2249,22,27,6.078281263,6
2250,22,28,6.078281263,6
2251,22,29,5.109849898,5
2252,22,30,5.109849898,5
2253,22,31,6.812130953,6
2254,22,32,6.812130953,6
2255,22,33,8.590514644,8
2256,22,34,8.590514644,8
2257,22,35,53.00596621,53
2258,22,36,53.00596621,53
2259,22,37,47.27925611,47
2260,22,38,47.27925611,47
2261,22,39,43.09607406,43
2262,22,40,43.09607406,43
2263,22,41,50.38937124,50
2264,22,42,50.38937124,50
2265,22,43,41.64376865,41
2266,22,44,41.64376865,41
2267,22,45,49.14802217,49
2268,22,46,49.14802217,49
2269,22,47,40.2294699,40
2270,22,48,40.2294699,40
2271,22,49,47.3804426,47
2272,22,50,47.3804426,47
2323,22,51,27.23895046,27
2324,23,0,24.4721097,24
2325,23,1,44.74421258,44
2326,23,2,44.74421258,44
2327,23,3,34.044777,34
2328,23,4,34.044777,34
2329,23,5,44.65910696,44
2330,23,6,44.65910696,44
2331,23,7,39.21527374,39
2332,23,8,39.21527374,39
2333,23,9,44.61128577,44
2334,23,10,44.61128577,44
2335,23,11,33.71106519,33
2336,23,12,33.71106519,33
2337,23,13,33.5318893,33
2338,23,14,33.5318893,33
2339,23,15,39.01976926,39
2340,23,16,39.01976926,39
2341,23,17,11.24821289,11
2342,23,18,11.24821289,11
2343,23,19,5.795949836,5
2344,23,20,5.795949836,5
2345,23,21,5.559746332,5
2346,23,22,5.559746332,5
2347,23,24,0,0
2348,23,25,11.40705574,11
2349,23,26,11.40705574,11
2350,23,27,2.358665859,2
2351,23,28,2.358665859,2
2352,23,29,7.419036524,7
2353,23,30,7.419036524,7
2354,23,31,8.590514644,8
2355,23,32,8.590514644,8
2356,23,33,6.287577974,6
2357,23,34,6.287577974,6
2358,23,35,56.52946151,56
2359,23,36,56.52946151,56
2360,23,37,50.66594451,50
2361,23,38,50.66594451,50
2362,23,39,46.1170259,46
2363,23,40,46.1170259,46
2364,23,41,54.2362245,54
2365,23,42,54.2362245,54
2366,23,43,44.85369843,44
2367,23,44,44.85369843,44
2368,23,45,53.15547477,53
2369,23,46,53.15547477,53
2370,23,47,43.63127847,43
2371,23,48,43.63127847,43
2372,23,49,51.62539344,51
2373,23,50,51.62539344,51
2424,23,51,24.4721097,24
2425,24,0,24.4721097,24
2426,24,1,44.74421258,44
2427,24,2,44.74421258,44
2428,24,3,34.044777,34
2429,24,4,34.044777,34
2430,24,5,44.65910696,44
2431,24,6,44.65910696,44
2432,24,7,39.21527374,39
2433,24,8,39.21527374,39
2434,24,9,44.61128577,44
2435,24,10,44.61128577,44
2436,24,11,33.71106519,33
2437,24,12,33.71106519,33
2438,24,13,33.5318893,33
2439,24,14,33.5318893,33
2440,24,15,39.01976926,39
2441,24,16,39.01976926,39
2442,24,17,11.24821289,11
2443,24,18,11.24821289,11
2444,24,19,5.795949836,5
2445,24,20,5.795949836,5
2446,24,21,5.559746332,5
2447,24,22,5.559746332,5
2448,24,23,0,0
2449,24,25,11.40705574,11
2450,24,26,11.40705574,11
2451,24,27,2.358665859,2
2452,24,28,2.358665859,2
2453,24,29,7.419036524,7
2454,24,30,7.419036524,7
2455,24,31,8.590514644,8
2456,24,32,8.590514644,8
2457,24,33,6.287577974,6
2458,24,34,6.287577974,6
2459,24,35,56.52946151,56
2460,24,36,56.52946151,56
2461,24,37,50.66594451,50
2462,24,38,50.66594451,50
2463,24,39,46.1170259,46
2464,24,40,46.1170259,46
2465,24,41,54.2362245,54
2466,24,42,54.2362245,54
2467,24,43,44.85369843,44
2468,24,44,44.85369843,44
2469,24,45,53.15547477,53
2470,24,46,53.15547477,53
2471,24,47,43.63127847,43
2472,24,48,43.63127847,43
2473,24,49,51.62539344,51
2474,24,50,51.62539344,51
2525,24,51,24.4721097,24
2526,25,0,32.75767025,32
2527,25,1,55.95470851,55
2528,25,2,55.95470851,55
2529,25,3,45.38844376,45
2530,25,4,45.38844376,45
2531,25,5,55.85646908,55
2532,25,6,55.85646908,55
2533,25,7,50.47293334,50
2534,25,8,50.47293334,50
2535,25,9,55.79951513,55
2536,25,10,55.79951513,55
2537,25,11,45.01386865,45
2538,25,12,45.01386865,45
2539,25,13,44.7962685,44
2540,25,14,44.7962685,44
2541,25,15,50.23212669,50
2542,25,16,50.23212669,50
2543,25,17,4.553801917,4
2544,25,18,4.553801917,4
2545,25,19,7.094192527,7
2546,25,20,7.094192527,7
2547,25,21,6.156450133,6
2548,25,22,6.156450133,6
2549,25,23,11.40705574,11
2550,25,24,11.40705574,11
2551,25,26,0,0
2552,25,27,11.11949266,11
2553,25,28,11.11949266,11
2554,25,29,6.156450133,6
2555,25,30,6.156450133,6
2556,25,31,7.094192527,7
2557,25,32,7.094192527,7
2558,25,33,11.90100706,11
2559,25,34,11.90100706,11
2560,25,35,52.0722871,52
2561,25,36,52.0722871,52
2562,25,37,46.63320221,46
2563,25,38,46.63320221,46
2564,25,39,43.03910517,43
2565,25,40,43.03910517,43
2566,25,41,49.00758145,49
2567,25,42,49.00758145,49
2568,25,43,41.35728915,41
2569,25,44,41.35728915,41
2570,25,45,47.53090875,47
2571,25,46,47.53090875,47
2572,25,47,39.70108941,39
2573,25,48,39.70108941,39
2574,25,49,45.39653922,45
2575,25,50,45.39653922,45
2626,25,51,32.75767025,32
2627,26,0,32.75767025,32
2628,26,1,55.95470851,55
2629,26,2,55.95470851,55
2630,26,3,45.38844376,45
2631,26,4,45.38844376,45
2632,26,5,55.85646908,55
2633,26,6,55.85646908,55
2634,26,7,50.47293334,50
2635,26,8,50.47293334,50
2636,26,9,55.79951513,55
2637,26,10,55.79951513,55
2638,26,11,45.01386865,45
2639,26,12,45.01386865,45
2640,26,13,44.7962685,44
2641,26,14,44.7962685,44
2642,26,15,50.23212669,50
2643,26,16,50.23212669,50
2644,26,17,4.553801917,4
2645,26,18,4.553801917,4
2646,26,19,7.094192527,7
2647,26,20,7.094192527,7
2648,26,21,6.156450133,6
2649,26,22,6.156450133,6
2650,26,23,11.40705574,11
2651,26,24,11.40705574,11
2652,26,25,0,0
2653,26,27,11.11949266,11
2654,26,28,11.11949266,11
2655,26,29,6.156450133,6
2656,26,30,6.156450133,6
2657,26,31,7.094192527,7
2658,26,32,7.094192527,7
2659,26,33,11.90100706,11
2660,26,34,11.90100706,11
2661,26,35,52.0722871,52
2662,26,36,52.0722871,52
2663,26,37,46.63320221,46
2664,26,38,46.63320221,46
2665,26,39,43.03910517,43
2666,26,40,43.03910517,43
2667,26,41,49.00758145,49
2668,26,42,49.00758145,49
2669,26,43,41.35728915,41
2670,26,44,41.35728915,41
2671,26,45,47.53090875,47
2672,26,46,47.53090875,47
2673,26,47,39.70108941,39
2674,26,48,39.70108941,39
2675,26,49,45.39653922,45
2676,26,50,45.39653922,45
2727,26,51,32.75767025,32
2728,27,0,26.61615737,26
2729,27,1,44.84508835,44
2730,27,2,44.84508835,44
2731,27,3,34.36373379,34
2732,27,4,34.36373379,34
2733,27,5,44.74421258,44
2734,27,6,44.74421258,44
2735,27,7,39.3805585,39
2736,27,8,39.3805585,39
2737,27,9,44.68570306,44
2738,27,10,44.68570306,44
2739,27,11,33.95138476,33
2740,27,12,33.95138476,33
2741,27,13,33.71106519,33
2742,27,14,33.71106519,33
2743,27,15,39.12494752,39
2744,27,16,39.12494752,39
2745,27,17,11.90100706,11
2746,27,18,11.90100706,11
2747,27,19,6.904403344,6
2748,27,20,6.904403344,6
2749,27,21,6.078281263,6
2750,27,22,6.078281263,6
2751,27,23,2.358665859,2
2752,27,24,2.358665859,2
2753,27,25,11.11949266,11
2754,27,26,11.11949266,11
2755,27,28,0,0
2756,27,29,6.078281263,6
2757,27,30,6.078281263,6
2758,27,31,6.904403344,6
2759,27,32,6.904403344,6
2760,27,33,3.9307104,3
2761,27,34,3.9307104,3
2762,27,35,58.35315661,58
2763,27,36,58.35315661,58
2764,27,37,52.52847332,52
2765,27,38,52.52847332,52
2766,27,39,48.08065339,48
2767,27,40,48.08065339,48
2768,27,41,55.94061749,55
2769,27,42,55.94061749,55
2770,27,43,46.76285624,46
2771,27,44,46.76285624,46
2772,27,45,54.79363163,54
2773,27,46,54.79363163,54
2774,27,47,45.48048782,45
2775,27,48,45.48048782,45
2776,27,49,53.15547477,53
2777,27,50,53.15547477,53
2828,27,51,26.61615737,26
2829,28,0,26.61615737,26
2830,28,1,44.84508835,44
2831,28,2,44.84508835,44
2832,28,3,34.36373379,34
2833,28,4,34.36373379,34
2834,28,5,44.74421258,44
2835,28,6,44.74421258,44
2836,28,7,39.3805585,39
2837,28,8,39.3805585,39
2838,28,9,44.68570306,44
2839,28,10,44.68570306,44
2840,28,11,33.95138476,33
2841,28,12,33.95138476,33
2842,28,13,33.71106519,33
2843,28,14,33.71106519,33
2844,28,15,39.12494752,39
2845,28,16,39.12494752,39
2846,28,17,11.90100706,11
2847,28,18,11.90100706,11
2848,28,19,6.904403344,6
2849,28,20,6.904403344,6
2850,28,21,6.078281263,6
2851,28,22,6.078281263,6
2852,28,23,2.358665859,2
2853,28,24,2.358665859,2
2854,28,25,11.11949266,11
2855,28,26,11.11949266,11
2856,28,27,0,0
2857,28,29,6.078281263,6
2858,28,30,6.078281263,6
2859,28,31,6.904403344,6
2860,28,32,6.904403344,6
2861,28,33,3.9307104,3
2862,28,34,3.9307104,3
2863,28,35,58.35315661,58
2864,28,36,58.35315661,58
2865,28,37,52.52847332,52
2866,28,38,52.52847332,52
2867,28,39,48.08065339,48
2868,28,40,48.08065339,48
2869,28,41,55.94061749,55
2870,28,42,55.94061749,55
2871,28,43,46.76285624,46
2872,28,44,46.76285624,46
2873,28,45,54.79363163,54
2874,28,46,54.79363163,54
2875,28,47,45.48048782,45
2876,28,48,45.48048782,45
2877,28,49,53.15547477,53
2878,28,50,53.15547477,53
2929,28,51,26.61615737,26
2930,29,0,31.47541044,31
2931,29,1,50.51414405,50
2932,29,2,50.51414405,50
2933,29,3,40.22723078,40
2934,29,4,40.22723078,40
2935,29,5,50.39947164,50
2936,29,6,50.39947164,50
2937,29,7,45.11942939,45
2938,29,8,45.11942939,45
2939,29,9,50.33146096,50
2940,29,10,50.33146096,50
2941,29,11,39.76335784,39
2942,29,12,39.76335784,39
2943,29,13,39.47914029,39
2944,29,14,39.47914029,39
2945,29,15,44.81482929,44
2946,29,16,44.81482929,44
2947,29,17,8.977719785,8
2948,29,18,8.977719785,8
2949,29,19,6.812130953,6
2950,29,20,6.812130953,6
2951,29,21,5.109849898,5
2952,29,22,5.109849898,5
2953,29,23,7.419036524,7
2954,29,24,7.419036524,7
2955,29,25,6.156450133,6
2956,29,26,6.156450133,6
2957,29,27,6.078281263,6
2958,29,28,6.078281263,6
2959,29,30,0,0
2960,29,31,1.703569375,1
2961,29,32,1.703569375,1
2962,29,33,5.795949836,5
2963,29,34,5.795949836,5
2964,29,35,57.21459991,57
2965,29,36,57.21459991,57
2966,29,37,51.60251593,51
2967,29,38,51.60251593,51
2968,29,39,47.64163384,47
2969,29,40,47.64163384,47
2970,29,41,54.37418645,54
2971,29,42,54.37418645,54
2972,29,43,46.09854112,46
2973,29,44,46.09854112,46
2974,29,45,53.00596621,53
2975,29,46,53.00596621,53
2976,29,47,44.58223972,44
2977,29,48,44.58223972,44
2978,29,49,51.02746835,51
2979,29,50,51.02746835,51
3030,29,51,31.47541044,31
3031,30,0,31.47541044,31
3032,30,1,50.51414405,50
3033,30,2,50.51414405,50
3034,30,3,40.22723078,40
3035,30,4,40.22723078,40
3036,30,5,50.39947164,50
3037,30,6,50.39947164,50
3038,30,7,45.11942939,45
3039,30,8,45.11942939,45
3040,30,9,50.33146096,50
3041,30,10,50.33146096,50
3042,30,11,39.76335784,39
3043,30,12,39.76335784,39
3044,30,13,39.47914029,39
3045,30,14,39.47914029,39
3046,30,15,44.81482929,44
3047,30,16,44.81482929,44
3048,30,17,8.977719785,8
3049,30,18,8.977719785,8
3050,30,19,6.812130953,6
3051,30,20,6.812130953,6
3052,30,21,5.109849898,5
3053,30,22,5.109849898,5
3054,30,23,7.419036524,7
3055,30,24,7.419036524,7
3056,30,25,6.156450133,6
3057,30,26,6.156450133,6
3058,30,27,6.078281263,6
3059,30,28,6.078281263,6
3060,30,29,0,0
3061,30,31,1.703569375,1
3062,30,32,1.703569375,1
3063,30,33,5.795949836,5
3064,30,34,5.795949836,5
3065,30,35,57.21459991,57
3066,30,36,57.21459991,57
3067,30,37,51.60251593,51
3068,30,38,51.60251593,51
3069,30,39,47.64163384,47
3070,30,40,47.64163384,47
3071,30,41,54.37418645,54
3072,30,42,54.37418645,54
3073,30,43,46.09854112,46
3074,30,44,46.09854112,46
3075,30,45,53.00596621,53
3076,30,46,53.00596621,53
3077,30,47,44.58223972,44
3078,30,48,44.58223972,44
3079,30,49,51.02746835,51
3080,30,50,51.02746835,51
3131,30,51,31.47541044,31
3132,31,0,32.89922348,32
3133,31,1,50.59885966,50
3134,31,2,50.59885966,50
3135,31,3,40.49414378,40
3136,31,4,40.49414378,40
3137,31,5,50.47425124,50
3138,31,6,50.47425124,50
3139,31,7,45.26728765,45
3140,31,8,45.26728765,45
3141,31,9,50.39947164,50
3142,31,10,50.39947164,50
3143,31,11,39.98341467,39
3144,31,12,39.98341467,39
3145,31,13,39.662432,39
3146,31,14,39.662432,39
3147,31,15,44.92535394,44
3148,31,16,44.92535394,44
3149,31,17,10.41743248,10
3150,31,18,10.41743248,10
3151,31,19,8.513551261,8
3152,31,20,8.513551261,8
3153,31,21,6.812130953,6
3154,31,22,6.812130953,6
3155,31,23,8.590514644,8
3156,31,24,8.590514644,8
3157,31,25,7.094192527,7
3158,31,26,7.094192527,7
3159,31,27,6.904403344,6
3160,31,28,6.904403344,6
3161,31,29,1.703569375,1
3162,31,30,1.703569375,1
3163,31,32,0,0
3164,31,33,5.559746332,5
3165,31,34,5.559746332,5
3166,31,35,58.68109168,58
3167,31,36,58.68109168,58
3168,31,37,53.10544191,53
3169,31,38,53.10544191,53
3170,31,39,49.20851323,49
3171,31,40,49.20851323,49
3172,31,41,55.77804931,55
3173,31,42,55.77804931,55
3174,31,43,47.64163384,47
3175,31,44,47.64163384,47
3176,31,45,54.37418645,54
3177,31,46,54.37418645,54
3178,31,47,46.09854112,46
3179,31,48,46.09854112,46
3180,31,49,52.33620492,52
3181,31,50,52.33620492,52
3232,31,51,32.89922348,32
3233,32,0,32.89922348,32
3234,32,1,50.59885966,50
3235,32,2,50.59885966,50
3236,32,3,40.49414378,40
3237,32,4,40.49414378,40
3238,32,5,50.47425124,50
3239,32,6,50.47425124,50
3240,32,7,45.26728765,45
3241,32,8,45.26728765,45
3242,32,9,50.39947164,50
3243,32,10,50.39947164,50
3244,32,11,39.98341467,39
3245,32,12,39.98341467,39
3246,32,13,39.662432,39
3247,32,14,39.662432,39
3248,32,15,44.92535394,44
3249,32,16,44.92535394,44
3250,32,17,10.41743248,10
3251,32,18,10.41743248,10
3252,32,19,8.513551261,8
3253,32,20,8.513551261,8
3254,32,21,6.812130953,6
3255,32,22,6.812130953,6
3256,32,23,8.590514644,8
3257,32,24,8.590514644,8
3258,32,25,7.094192527,7
3259,32,26,7.094192527,7
3260,32,27,6.904403344,6
3261,32,28,6.904403344,6
3262,32,29,1.703569375,1
3263,32,30,1.703569375,1
3264,32,31,0,0
3265,32,33,5.559746332,5
3266,32,34,5.559746332,5
3267,32,35,58.68109168,58
3268,32,36,58.68109168,58
3269,32,37,53.10544191,53
3270,32,38,53.10544191,53
3271,32,39,49.20851323,49
3272,32,40,49.20851323,49
3273,32,41,55.77804931,55
3274,32,42,55.77804931,55
3275,32,43,47.64163384,47
3276,32,44,47.64163384,47
3277,32,45,54.37418645,54
3278,32,46,54.37418645,54
3279,32,47,46.09854112,46
3280,32,48,46.09854112,46
3281,32,49,52.33620492,52
3282,32,50,52.33620492,52
3333,32,51,32.89922348,32
3334,33,0,30.18350052,30
3335,33,1,45.04724832,45
3336,33,2,45.04724832,45
3337,33,3,35.01921205,35
3338,33,4,35.01921205,35
3339,33,5,44.92092276,44
3340,33,6,44.92092276,44
3341,33,7,39.73331183,39
3342,33,8,39.73331183,39
3343,33,9,44.84508835,44
3344,33,10,44.84508835,44
3345,33,11,34.48269334,34
3346,33,12,34.48269334,34
3347,33,13,34.14468768,34
3348,33,14,34.14468768,34
3349,33,15,39.3805585,39
3350,33,16,39.3805585,39
3351,33,17,13.98389541,13
3352,33,18,13.98389541,13
3353,33,19,9.894055054,9
3354,33,20,9.894055054,9
3355,33,21,8.590514644,8
3356,33,22,8.590514644,8
3357,33,23,6.287577974,6
3358,33,24,6.287577974,6
3359,33,25,11.90100706,11
3360,33,26,11.90100706,11
3361,33,27,3.9307104,3
3362,33,28,3.9307104,3
3363,33,29,5.795949836,5
3364,33,30,5.795949836,5
3365,33,31,5.559746332,5
3366,33,32,5.559746332,5
3367,33,34,0,0
3368,33,35,61.5633471,61
3369,33,36,61.5633471,61
3370,33,37,55.80512539,55
3371,33,38,55.80512539,55
3372,33,39,51.50900916,51
3373,33,40,51.50900916,51
3374,33,41,58.97897903,58
3375,33,42,58.97897903,58
3376,33,43,50.11659488,50
3377,33,44,50.11659488,50
3378,33,45,57.73607431,57
3379,33,46,57.73607431,57
3380,33,47,48.7517915,48
3381,33,48,48.7517915,48
3382,33,49,55.94061749,55
3383,33,50,55.94061749,55
3434,33,51,30.18350052,30
3435,34,0,30.18350052,30
3436,34,1,45.04724832,45
3437,34,2,45.04724832,45
3438,34,3,35.01921205,35
3439,34,4,35.01921205,35
3440,34,5,44.92092276,44
3441,34,6,44.92092276,44
3442,34,7,39.73331183,39
3443,34,8,39.73331183,39
3444,34,9,44.84508835,44
3445,34,10,44.84508835,44
3446,34,11,34.48269334,34
3447,34,12,34.48269334,34
3448,34,13,34.14468768,34
3449,34,14,34.14468768,34
3450,34,15,39.3805585,39
3451,34,16,39.3805585,39
3452,34,17,13.98389541,13
3453,34,18,13.98389541,13
3454,34,19,9.894055054,9
3455,34,20,9.894055054,9
3456,34,21,8.590514644,8
3457,34,22,8.590514644,8
3458,34,23,6.287577974,6
3459,34,24,6.287577974,6
3460,34,25,11.90100706,11
3461,34,26,11.90100706,11
3462,34,27,3.9307104,3
3463,34,28,3.9307104,3
3464,34,29,5.795949836,5
3465,34,30,5.795949836,5
3466,34,31,5.559746332,5
3467,34,32,5.559746332,5
3468,34,33,0,0
3469,34,35,61.5633471,61
3470,34,36,61.5633471,61
3471,34,37,55.80512539,55
3472,34,38,55.80512539,55
3473,34,39,51.50900916,51
3474,34,40,51.50900916,51
3475,34,41,58.97897903,58
3476,34,42,58.97897903,58
3477,34,43,50.11659488,50
3478,34,44,50.11659488,50
3479,34,45,57.73607431,57
3480,34,46,57.73607431,57
3481,34,47,48.7517915,48
3482,34,48,48.7517915,48
3483,34,49,55.94061749,55
3484,34,50,55.94061749,55
3535,34,51,30.18350052,30
3536,35,0,50.17810331,50
3537,35,1,89.2618295,89
3538,35,2,89.2618295,89
3539,35,3,79.10482441,79
3540,35,4,79.10482441,79
3541,35,5,89.36471361,89
3542,35,6,89.36471361,89
3543,35,7,84.38062589,84
3544,35,8,84.38062589,84
3545,35,9,89.44122629,89
3546,35,10,89.44122629,89
3547,35,11,79.59698458,79
3548,35,12,79.59698458,79
3549,35,13,80.01506925,80
3550,35,14,80.01506925,80
3551,35,15,84.82260063,84
3552,35,16,84.82260063,84
3553,35,17,48.26421503,48
3554,35,18,48.26421503,48
3555,35,19,51.67656166,51
3556,35,20,51.67656166,51
3557,35,21,53.00596621,53
3558,35,22,53.00596621,53
3559,35,23,56.52946151,56
3560,35,24,56.52946151,56
3561,35,25,52.0722871,52
3562,35,26,52.0722871,52
3563,35,27,58.35315661,58
3564,35,28,58.35315661,58
3565,35,29,57.21459991,57
3566,35,30,57.21459991,57
3567,35,31,58.68109168,58
3568,35,32,58.68109168,58
3569,35,33,61.5633471,61
3570,35,34,61.5633471,61
3571,35,36,0,0
3572,35,37,5.980718071,5
3573,35,38,5.980718071,5
3574,35,39,11.33253609,11
3575,35,40,11.33253609,11
3576,35,41,4.430865017,4
3577,35,42,4.430865017,4
3578,35,43,11.9488897,11
3579,35,44,11.9488897,11
3580,35,45,6.646284689,6
3581,35,46,6.646284689,6
3582,35,47,12.9109004,12
3583,35,48,12.9109004,12
3584,35,49,9.969383627,9
3585,35,50,9.969383627,9
3636,35,51,50.17810331,50
3637,36,0,50.17810331,50
3638,36,1,89.2618295,89
3639,36,2,89.2618295,89
3640,36,3,79.10482441,79
3641,36,4,79.10482441,79
3642,36,5,89.36471361,89
3643,36,6,89.36471361,89
3644,36,7,84.38062589,84
3645,36,8,84.38062589,84
3646,36,9,89.44122629,89
3647,36,10,89.44122629,89
3648,36,11,79.59698458,79
3649,36,12,79.59698458,79
3650,36,13,80.01506925,80
3651,36,14,80.01506925,80
3652,36,15,84.82260063,84
3653,36,16,84.82260063,84
3654,36,17,48.26421503,48
3655,36,18,48.26421503,48
3656,36,19,51.67656166,51
3657,36,20,51.67656166,51
3658,36,21,53.00596621,53
3659,36,22,53.00596621,53
3660,36,23,56.52946151,56
3661,36,24,56.52946151,56
3662,36,25,52.0722871,52
3663,36,26,52.0722871,52
3664,36,27,58.35315661,58
3665,36,28,58.35315661,58
3666,36,29,57.21459991,57
3667,36,30,57.21459991,57
3668,36,31,58.68109168,58
3669,36,32,58.68109168,58
3670,36,33,61.5633471,61
3671,36,34,61.5633471,61
3672,36,35,0,0
3673,36,37,5.980718071,5
3674,36,38,5.980718071,5
3675,36,39,11.33253609,11
3676,36,40,11.33253609,11
3677,36,41,4.430865017,4
3678,36,42,4.430865017,4
3679,36,43,11.9488897,11
3680,36,44,11.9488897,11
3681,36,45,6.646284689,6
3682,36,46,6.646284689,6
3683,36,47,12.9109004,12
3684,36,48,12.9109004,12
3685,36,49,9.969383627,9
3686,36,50,9.969383627,9
3737,36,51,50.17810331,50
3738,37,0,44.5161778,44
3739,37,1,83.64343617,83
3740,37,2,83.64343617,83
3741,37,3,73.35307653,73
3742,37,4,73.35307653,73
3743,37,5,83.73736618,83
3744,37,6,83.73736618,83
3745,37,7,78.67869707,78
3746,37,8,78.67869707,78
3747,37,9,83.80807053,83
3748,37,10,83.80807053,83
3749,37,11,73.81722484,73
3750,37,12,73.81722484,73
3751,37,13,74.21613797,74
3752,37,14,74.21613797,74
3753,37,15,79.09570123,79
3754,37,16,79.09570123,79
3755,37,17,42.69540316,42
3756,37,18,42.69540316,42
3757,37,19,45.91117015,45
3758,37,20,45.91117015,45
3759,37,21,47.27925611,47
3760,37,22,47.27925611,47
3761,37,23,50.66594451,50
3762,37,24,50.66594451,50
3763,37,25,46.63320221,46
3764,37,26,46.63320221,46
3765,37,27,52.52847332,52
3766,37,28,52.52847332,52
3767,37,29,51.60251593,51
3768,37,30,51.60251593,51
3769,37,31,53.10544191,53
3770,37,32,53.10544191,53
3771,37,33,55.80512539,55
3772,37,34,55.80512539,55
3773,37,35,5.980718071,5
3774,37,36,5.980718071,5
3775,37,38,0,0
3776,37,39,5.559746332,5
3777,37,40,5.559746332,5
3778,37,41,5.980718071,5
3779,37,42,5.980718071,5
3780,37,43,5.96836327,5
3781,37,44,5.96836327,5
3782,37,45,7.095316406,7
3783,37,46,7.095316406,7
3784,37,47,7.053568772,7
3785,37,48,7.053568772,7
3786,37,49,9.509083723,9
3787,37,50,9.509083723,9
3838,37,51,44.5161778,44
3839,38,0,44.5161778,44
3840,38,1,83.64343617,83
3841,38,2,83.64343617,83
3842,38,3,73.35307653,73
3843,38,4,73.35307653,73
3844,38,5,83.73736618,83
3845,38,6,83.73736618,83
3846,38,7,78.67869707,78
3847,38,8,78.67869707,78
3848,38,9,83.80807053,83
3849,38,10,83.80807053,83
3850,38,11,73.81722484,73
3851,38,12,73.81722484,73
3852,38,13,74.21613797,74
3853,38,14,74.21613797,74
3854,38,15,79.09570123,79
3855,38,16,79.09570123,79
3856,38,17,42.69540316,42
3857,38,18,42.69540316,42
3858,38,19,45.91117015,45
3859,38,20,45.91117015,45
3860,38,21,47.27925611,47
3861,38,22,47.27925611,47
3862,38,23,50.66594451,50
3863,38,24,50.66594451,50
3864,38,25,46.63320221,46
3865,38,26,46.63320221,46
3866,38,27,52.52847332,52
3867,38,28,52.52847332,52
3868,38,29,51.60251593,51
3869,38,30,51.60251593,51
3870,38,31,53.10544191,53
3871,38,32,53.10544191,53
3872,38,33,55.80512539,55
3873,38,34,55.80512539,55
3874,38,35,5.980718071,5
3875,38,36,5.980718071,5
3876,38,37,0,0
3877,38,39,5.559746332,5
3878,38,40,5.559746332,5
3879,38,41,5.980718071,5
3880,38,42,5.980718071,5
3881,38,43,5.96836327,5
3882,38,44,5.96836327,5
3883,38,45,7.095316406,7
3884,38,46,7.095316406,7
3885,38,47,7.053568772,7
3886,38,48,7.053568772,7
3887,38,49,9.509083723,9
3888,38,50,9.509083723,9
3939,38,51,44.5161778,44
3940,39,0,38.96021607,38
3941,39,1,78.08567146,78
3942,39,2,78.08567146,78
3943,39,3,67.82063472,67
3944,39,4,67.82063472,67
3945,39,5,78.18032931,78
3946,39,6,78.18032931,78
3947,39,7,73.13261294,73
3948,39,8,73.13261294,73
3949,39,9,78.25157247,78
3950,39,10,78.25157247,78
3951,39,11,68.29585071,68
3952,39,12,68.29585071,68
3953,39,13,68.70394303,68
3954,39,14,68.70394303,68
3955,39,15,73.55592787,73
3956,39,16,73.55592787,73
3957,39,17,38.88376282,38
3958,39,18,38.88376282,38
3959,39,19,41.64376865,41
3960,39,20,41.64376865,41
3961,39,21,43.09607406,43
3962,39,22,43.09607406,43
3963,39,23,46.1170259,46
3964,39,24,46.1170259,46
3965,39,25,43.03910517,43
3966,39,26,43.03910517,43
3967,39,27,48.08065339,48
3968,39,28,48.08065339,48
3969,39,29,47.64163384,47
3970,39,30,47.64163384,47
3971,39,31,49.20851323,49
3972,39,32,49.20851323,49
3973,39,33,51.50900916,51
3974,39,34,51.50900916,51
3975,39,35,11.33253609,11
3976,39,36,11.33253609,11
3977,39,37,5.559746332,5
3978,39,38,5.559746332,5
3979,39,40,0,0
3980,39,41,11.33253609,11
3981,39,42,11.33253609,11
3982,39,43,2.148113722,2
3983,39,44,2.148113722,2
3984,39,45,11.9488897,11
3985,39,46,11.9488897,11
3986,39,47,4.296183585,4
3987,39,48,4.296183585,4
3988,39,49,13.49947946,13
3989,39,50,13.49947946,13
4040,39,51,38.96021607,38
4041,40,0,38.96021607,38
4042,40,1,78.08567146,78
4043,40,2,78.08567146,78
4044,40,3,67.82063472,67
4045,40,4,67.82063472,67
4046,40,5,78.18032931,78
4047,40,6,78.18032931,78
4048,40,7,73.13261294,73
4049,40,8,73.13261294,73
4050,40,9,78.25157247,78
4051,40,10,78.25157247,78
4052,40,11,68.29585071,68
4053,40,12,68.29585071,68
4054,40,13,68.70394303,68
4055,40,14,68.70394303,68
4056,40,15,73.55592787,73
4057,40,16,73.55592787,73
4058,40,17,38.88376282,38
4059,40,18,38.88376282,38
4060,40,19,41.64376865,41
4061,40,20,41.64376865,41
4062,40,21,43.09607406,43
4063,40,22,43.09607406,43
4064,40,23,46.1170259,46
4065,40,24,46.1170259,46
4066,40,25,43.03910517,43
4067,40,26,43.03910517,43
4068,40,27,48.08065339,48
4069,40,28,48.08065339,48
4070,40,29,47.64163384,47
4071,40,30,47.64163384,47
4072,40,31,49.20851323,49
4073,40,32,49.20851323,49
4074,40,33,51.50900916,51
4075,40,34,51.50900916,51
4076,40,35,11.33253609,11
4077,40,36,11.33253609,11
4078,40,37,5.559746332,5
4079,40,38,5.559746332,5
4080,40,39,0,0
4081,40,41,11.33253609,11
4082,40,42,11.33253609,11
4083,40,43,2.148113722,2
4084,40,44,2.148113722,2
4085,40,45,11.9488897,11
4086,40,46,11.9488897,11
4087,40,47,4.296183585,4
4088,40,48,4.296183585,4
4089,40,49,13.49947946,13
4090,40,50,13.49947946,13
4141,40,51,38.96021607,38
4142,41,0,50.03771699,50
4143,41,1,89.14728203,89
4144,41,2,89.14728203,89
4145,41,3,78.68996641,78
4146,41,4,78.68996641,78
4147,41,5,89.23074812,89
4148,41,6,89.23074812,89
4149,41,7,84.08331102,84
4150,41,8,84.08331102,84
4151,41,9,89.29452455,89
4152,41,10,89.29452455,89
4153,41,11,79.10482441,79
4154,41,12,79.10482441,79
4155,41,13,79.46685231,79
4156,41,14,79.46685231,79
4157,41,15,84.46286229,84
4158,41,16,84.46286229,84
4159,41,17,45.39653922,45
4160,41,18,45.39653922,45
4161,41,19,49.14802217,49
4162,41,20,49.14802217,49
4163,41,21,50.38937124,50
4164,41,22,50.38937124,50
4165,41,23,54.2362245,54
4166,41,24,54.2362245,54
4167,41,25,49.00758145,49
4168,41,26,49.00758145,49
4169,41,27,55.94061749,55
4170,41,28,55.94061749,55
4171,41,29,54.37418645,54
4172,41,30,54.37418645,54
4173,41,31,55.77804931,55
4174,41,32,55.77804931,55
4175,41,33,58.97897903,58
4176,41,34,58.97897903,58
4177,41,35,4.430865017,4
4178,41,36,4.430865017,4
4179,41,37,5.980718071,5
4180,41,38,5.980718071,5
4181,41,39,11.33253609,11
4182,41,40,11.33253609,11
4183,41,42,0,0
4184,41,43,11.11949266,11
4185,41,44,11.11949266,11
4186,41,45,2.215435073,2
4187,41,46,2.215435073,2
4188,41,47,11.33253609,11
4189,41,48,11.33253609,11
4190,41,49,5.538576459,5
4191,41,50,5.538576459,5
4242,41,51,50.03771699,50
4243,42,0,50.03771699,50
4244,42,1,89.14728203,89
4245,42,2,89.14728203,89
4246,42,3,78.68996641,78
4247,42,4,78.68996641,78
4248,42,5,89.23074812,89
4249,42,6,89.23074812,89
4250,42,7,84.08331102,84
4251,42,8,84.08331102,84
4252,42,9,89.29452455,89
4253,42,10,89.29452455,89
4254,42,11,79.10482441,79
4255,42,12,79.10482441,79
4256,42,13,79.46685231,79
4257,42,14,79.46685231,79
4258,42,15,84.46286229,84
4259,42,16,84.46286229,84
4260,42,17,45.39653922,45
4261,42,18,45.39653922,45
4262,42,19,49.14802217,49
4263,42,20,49.14802217,49
4264,42,21,50.38937124,50
4265,42,22,50.38937124,50
4266,42,23,54.2362245,54
4267,42,24,54.2362245,54
4268,42,25,49.00758145,49
4269,42,26,49.00758145,49
4270,42,27,55.94061749,55
4271,42,28,55.94061749,55
4272,42,29,54.37418645,54
4273,42,30,54.37418645,54
4274,42,31,55.77804931,55
4275,42,32,55.77804931,55
4276,42,33,58.97897903,58
4277,42,34,58.97897903,58
4278,42,35,4.430865017,4
4279,42,36,4.430865017,4
4280,42,37,5.980718071,5
4281,42,38,5.980718071,5
4282,42,39,11.33253609,11
4283,42,40,11.33253609,11
4284,42,41,0,0
4285,42,43,11.11949266,11
4286,42,44,11.11949266,11
4287,42,45,2.215435073,2
4288,42,46,2.215435073,2
4289,42,47,11.33253609,11
4290,42,48,11.33253609,11
4291,42,49,5.538576459,5
4292,42,50,5.538576459,5
4343,42,51,50.03771699,50
4344,43,0,38.91822433,38
4345,43,1,78.03082638,78
4346,43,2,78.03082638,78
4347,43,3,67.61348742,67
4348,43,4,67.61348742,67
4349,43,5,78.11558199,78
4350,43,6,78.11558199,78
4351,43,7,72.98595262,72
4352,43,8,72.98595262,72
4353,43,9,78.18032931,78
4354,43,10,78.18032931,78
4355,43,11,68.0482205,68
4356,43,12,68.0482205,68
4357,43,13,68.42705098,68
4358,43,14,68.42705098,68
4359,43,15,73.37703912,73
4360,43,16,73.37703912,73
4361,43,17,37.27329658,37
4362,43,18,37.27329658,37
4363,43,19,40.2294699,40
4364,43,20,40.2294699,40
4365,43,21,41.64376865,41
4366,43,22,41.64376865,41
4367,43,23,44.85369843,44
4368,43,24,44.85369843,44
4369,43,25,41.35728915,41
4370,43,26,41.35728915,41
4371,43,27,46.76285624,46
4372,43,28,46.76285624,46
4373,43,29,46.09854112,46
4374,43,30,46.09854112,46
4375,43,31,47.64163384,47
4376,43,32,47.64163384,47
4377,43,33,50.11659488,50
4378,43,34,50.11659488,50
4379,43,35,11.9488897,11
4380,43,36,11.9488897,11
4381,43,37,5.96836327,5
4382,43,38,5.96836327,5
4383,43,39,2.148113722,2
4384,43,40,2.148113722,2
4385,43,41,11.11949266,11
4386,43,42,11.11949266,11
4387,43,44,0,0
4388,43,45,11.33253609,11
4389,43,46,11.33253609,11
4390,43,47,2.148113722,2
4391,43,48,2.148113722,2
4392,43,49,12.39104438,12
4393,43,50,12.39104438,12
4444,43,51,38.91822433,38
4445,44,0,38.91822433,38
4446,44,1,78.03082638,78
4447,44,2,78.03082638,78
4448,44,3,67.61348742,67
4449,44,4,67.61348742,67
4450,44,5,78.11558199,78
4451,44,6,78.11558199,78
4452,44,7,72.98595262,72
4453,44,8,72.98595262,72
4454,44,9,78.18032931,78
4455,44,10,78.18032931,78
4456,44,11,68.0482205,68
4457,44,12,68.0482205,68
4458,44,13,68.42705098,68
4459,44,14,68.42705098,68
4460,44,15,73.37703912,73
4461,44,16,73.37703912,73
4462,44,17,37.27329658,37
4463,44,18,37.27329658,37
4464,44,19,40.2294699,40
4465,44,20,40.2294699,40
4466,44,21,41.64376865,41
4467,44,22,41.64376865,41
4468,44,23,44.85369843,44
4469,44,24,44.85369843,44
4470,44,25,41.35728915,41
4471,44,26,41.35728915,41
4472,44,27,46.76285624,46
4473,44,28,46.76285624,46
4474,44,29,46.09854112,46
4475,44,30,46.09854112,46
4476,44,31,47.64163384,47
4477,44,32,47.64163384,47
4478,44,33,50.11659488,50
4479,44,34,50.11659488,50
4480,44,35,11.9488897,11
4481,44,36,11.9488897,11
4482,44,37,5.96836327,5
4483,44,38,5.96836327,5
4484,44,39,2.148113722,2
4485,44,40,2.148113722,2
4486,44,41,11.11949266,11
4487,44,42,11.11949266,11
4488,44,43,0,0
4489,44,45,11.33253609,11
4490,44,46,11.33253609,11
4491,44,47,2.148113722,2
4492,44,48,2.148113722,2
4493,44,49,12.39104438,12
4494,44,50,12.39104438,12
4545,44,51,38.91822433,38
4546,45,0,50.07285323,50
4547,45,1,89.09987345,89
4548,45,2,89.09987345,89
4549,45,3,78.51233446,78
4550,45,4,78.51233446,78
4551,45,5,89.17346528,89
4552,45,6,89.17346528,89
4553,45,7,83.95398353,83
4554,45,8,83.95398353,83
4555,45,9,89.23074812,89
4556,45,10,89.23074812,89
4557,45,11,78.88756398,78
4558,45,12,78.88756398,78
4559,45,13,79.22072593,79
4560,45,14,79.22072593,79
4561,45,15,84.30152616,84
4562,45,16,84.30152616,84
4563,45,17,44.03385972,44
4564,45,18,44.03385972,44
4565,45,19,47.95636877,47
4566,45,20,47.95636877,47
4567,45,21,49.14802217,49
4568,45,22,49.14802217,49
4569,45,23,53.15547477,53
4570,45,24,53.15547477,53
4571,45,25,47.53090875,47
4572,45,26,47.53090875,47
4573,45,27,54.79363163,54
4574,45,28,54.79363163,54
4575,45,29,53.00596621,53
4576,45,30,53.00596621,53
4577,45,31,54.37418645,54
4578,45,32,54.37418645,54
4579,45,33,57.73607431,57
4580,45,34,57.73607431,57
4581,45,35,6.646284689,6
4582,45,36,6.646284689,6
4583,45,37,7.095316406,7
4584,45,38,7.095316406,7
4585,45,39,11.9488897,11
4586,45,40,11.9488897,11
4587,45,41,2.215435073,2
4588,45,42,2.215435073,2
4589,45,43,11.33253609,11
4590,45,44,11.33253609,11
4591,45,46,0,0
4592,45,47,11.11949266,11
4593,45,48,11.11949266,11
4594,45,49,3.323151007,3
4595,45,50,3.323151007,3
4646,45,51,50.07285323,50
4647,46,0,50.07285323,50
4648,46,1,89.09987345,89
4649,46,2,89.09987345,89
4650,46,3,78.51233446,78
4651,46,4,78.51233446,78
4652,46,5,89.17346528,89
4653,46,6,89.17346528,89
4654,46,7,83.95398353,83
4655,46,8,83.95398353,83
4656,46,9,89.23074812,89
4657,46,10,89.23074812,89
4658,46,11,78.88756398,78
4659,46,12,78.88756398,78
4660,46,13,79.22072593,79
4661,46,14,79.22072593,79
4662,46,15,84.30152616,84
4663,46,16,84.30152616,84
4664,46,17,44.03385972,44
4665,46,18,44.03385972,44
4666,46,19,47.95636877,47
4667,46,20,47.95636877,47
4668,46,21,49.14802217,49
4669,46,22,49.14802217,49
4670,46,23,53.15547477,53
4671,46,24,53.15547477,53
4672,46,25,47.53090875,47
4673,46,26,47.53090875,47
4674,46,27,54.79363163,54
4675,46,28,54.79363163,54
4676,46,29,53.00596621,53
4677,46,30,53.00596621,53
4678,46,31,54.37418645,54
4679,46,32,54.37418645,54
4680,46,33,57.73607431,57
4681,46,34,57.73607431,57
4682,46,35,6.646284689,6
4683,46,36,6.646284689,6
4684,46,37,7.095316406,7
4685,46,38,7.095316406,7
4686,46,39,11.9488897,11
4687,46,40,11.9488897,11
4688,46,41,2.215435073,2
4689,46,42,2.215435073,2
4690,46,43,11.33253609,11
4691,46,44,11.33253609,11
4692,46,45,0,0
4693,46,47,11.11949266,11
4694,46,48,11.11949266,11
4695,46,49,3.323151007,3
4696,46,50,3.323151007,3
4747,46,51,50.07285323,50
4748,47,0,38.96021607,38
4749,47,1,77.98267583,77
4750,47,2,77.98267583,77
4751,47,3,67.42714065,67
4752,47,4,67.42714065,67
4753,47,5,78.05741646,78
4754,47,6,78.05741646,78
4755,47,7,72.85258282,72
4756,47,8,72.85258282,72
4757,47,9,78.11558199,78
4758,47,10,78.11558199,78
4759,47,11,67.82063472,67
4760,47,12,67.82063472,67
4761,47,13,68.16955588,68
4762,47,14,68.16955588,68
4763,47,15,73.21085934,73
4764,47,16,73.21085934,73
4765,47,17,35.69906937,35
4766,47,18,35.69906937,35
4767,47,19,38.85778775,38
4768,47,20,38.85778775,38
4769,47,21,40.2294699,40
4770,47,22,40.2294699,40
4771,47,23,43.63127847,43
4772,47,24,43.63127847,43
4773,47,25,39.70108941,39
4774,47,26,39.70108941,39
4775,47,27,45.48048782,45
4776,47,28,45.48048782,45
4777,47,29,44.58223972,44
4778,47,30,44.58223972,44
4779,47,31,46.09854112,46
4780,47,32,46.09854112,46
4781,47,33,48.7517915,48
4782,47,34,48.7517915,48
4783,47,35,12.9109004,12
4784,47,36,12.9109004,12
4785,47,37,7.053568772,7
4786,47,38,7.053568772,7
4787,47,39,4.296183585,4
4788,47,40,4.296183585,4
4789,47,41,11.33253609,11
4790,47,42,11.33253609,11
4791,47,43,2.148113722,2
4792,47,44,2.148113722,2
4793,47,45,11.11949266,11
4794,47,46,11.11949266,11
4795,47,48,0,0
4796,47,49,11.59333443,11
4797,47,50,11.59333443,11
4848,47,51,38.96021607,38
4849,48,0,38.96021607,38
4850,48,1,77.98267583,77
4851,48,2,77.98267583,77
4852,48,3,67.42714065,67
4853,48,4,67.42714065,67
4854,48,5,78.05741646,78
4855,48,6,78.05741646,78
4856,48,7,72.85258282,72
4857,48,8,72.85258282,72
4858,48,9,78.11558199,78
4859,48,10,78.11558199,78
4860,48,11,67.82063472,67
4861,48,12,67.82063472,67
4862,48,13,68.16955588,68
4863,48,14,68.16955588,68
4864,48,15,73.21085934,73
4865,48,16,73.21085934,73
4866,48,17,35.69906937,35
4867,48,18,35.69906937,35
4868,48,19,38.85778775,38
4869,48,20,38.85778775,38
4870,48,21,40.2294699,40
4871,48,22,40.2294699,40
4872,48,23,43.63127847,43
4873,48,24,43.63127847,43
4874,48,25,39.70108941,39
4875,48,26,39.70108941,39
4876,48,27,45.48048782,45
4877,48,28,45.48048782,45
4878,48,29,44.58223972,44
4879,48,30,44.58223972,44
4880,48,31,46.09854112,46
4881,48,32,46.09854112,46
4882,48,33,48.7517915,48
4883,48,34,48.7517915,48
4884,48,35,12.9109004,12
4885,48,36,12.9109004,12
4886,48,37,7.053568772,7
4887,48,38,7.053568772,7
4888,48,39,4.296183585,4
4889,48,40,4.296183585,4
4890,48,41,11.33253609,11
4891,48,42,11.33253609,11
4892,48,43,2.148113722,2
4893,48,44,2.148113722,2
4894,48,45,11.11949266,11
4895,48,46,11.11949266,11
4896,48,47,0,0
4897,48,49,11.59333443,11
4898,48,50,11.59333443,11
4949,48,51,38.96021607,38
4950,49,0,50.25688539,50
4951,49,1,89.04126454,89
4952,49,2,89.04126454,89
4953,49,3,78.28391314,78
4954,49,4,78.28391314,78
4955,49,5,89.09987345,89
4956,49,6,89.09987345,89
4957,49,7,83.78465979,83
4958,49,8,83.78465979,83
4959,49,9,89.14728203,89
4960,49,10,89.14728203,89
4961,49,11,78.59863692,78
4962,49,12,78.59863692,78
4963,49,13,78.88756398,78
4964,49,14,78.88756398,78
4965,49,15,84.08331102,84
4966,49,16,84.08331102,84
4967,49,17,42.09252947,42
4968,49,18,42.09252947,42
4969,49,19,46.27103352,46
4970,49,20,46.27103352,46
4971,49,21,47.3804426,47
4972,49,22,47.3804426,47
4973,49,23,51.62539344,51
4974,49,24,51.62539344,51
4975,49,25,45.39653922,45
4976,49,26,45.39653922,45
4977,49,27,53.15547477,53
4978,49,28,53.15547477,53
4979,49,29,51.02746835,51
4980,49,30,51.02746835,51
4981,49,31,52.33620492,52
4982,49,32,52.33620492,52
4983,49,33,55.94061749,55
4984,49,34,55.94061749,55
4985,49,35,9.969383627,9
4986,49,36,9.969383627,9
4987,49,37,9.509083723,9
4988,49,38,9.509083723,9
4989,49,39,13.49947946,13
4990,49,40,13.49947946,13
4991,49,41,5.538576459,5
4992,49,42,5.538576459,5
4993,49,43,12.39104438,12
4994,49,44,12.39104438,12
4995,49,45,3.323151007,3
4996,49,46,3.323151007,3
4997,49,47,11.59333443,11
4998,49,48,11.59333443,11
4999,49,50,0,0
5050,49,51,50.25688539,50
5051,50,0,50.25688539,50
5052,50,1,89.04126454,89
5053,50,2,89.04126454,89
5054,50,3,78.28391314,78
5055,50,4,78.28391314,78
5056,50,5,89.09987345,89
5057,50,6,89.09987345,89
5058,50,7,83.78465979,83
5059,50,8,83.78465979,83
5060,50,9,89.14728203,89
5061,50,10,89.14728203,89
5062,50,11,78.59863692,78
5063,50,12,78.59863692,78
5064,50,13,78.88756398,78
5065,50,14,78.88756398,78
5066,50,15,84.08331102,84
5067,50,16,84.08331102,84
5068,50,17,42.09252947,42
5069,50,18,42.09252947,42
5070,50,19,46.27103352,46
5071,50,20,46.27103352,46
5072,50,21,47.3804426,47
5073,50,22,47.3804426,47
5074,50,23,51.62539344,51
5075,50,24,51.62539344,51
5076,50,25,45.39653922,45
5077,50,26,45.39653922,45
5078,50,27,53.15547477,53
5079,50,28,53.15547477,53
5080,50,29,51.02746835,51
5081,50,30,51.02746835,51
5082,50,31,52.33620492,52
5083,50,32,52.33620492,52
5084,50,33,55.94061749,55
5085,50,34,55.94061749,55
5086,50,35,9.969383627,9
5087,50,36,9.969383627,9
5088,50,37,9.509083723,9
5089,50,38,9.509083723,9
5090,50,39,13.49947946,13
5091,50,40,13.49947946,13
5092,50,41,5.538576459,5
5093,50,42,5.538576459,5
5094,50,43,12.39104438,12
5095,50,44,12.39104438,12
5096,50,45,3.323151007,3
5097,50,46,3.323151007,3
5098,50,47,11.59333443,11
5099,50,48,11.59333443,11
5100,50,49,0,0
5151,50,51,50.25688539,50
10202,51,0,0,0
10203,51,1,39.12975701,39
10204,51,2,39.12975701,39
10205,51,3,29.00192903,29
10206,51,4,29.00192903,29
10207,51,5,39.22175414,39
10208,51,6,39.22175414,39
10209,51,7,34.20644937,34
10210,51,8,34.20644937,34
10211,51,9,39.29193667,39
10212,51,10,39.29193667,39
10213,51,11,29.5722378,29
10214,51,12,29.5722378,29
10215,51,13,30.0627275,30
10216,51,14,30.0627275,30
10217,51,15,34.66780325,34
10218,51,16,34.66780325,34
10219,51,17,29.40256994,29
10220,51,18,29.40256994,29
10221,51,19,25.84524472,25
10222,51,20,25.84524472,25
10223,51,21,27.23895046,27
10224,51,22,27.23895046,27
10225,51,23,24.4721097,24
10226,51,24,24.4721097,24
10227,51,25,32.75767025,32
10228,51,26,32.75767025,32
10229,51,27,26.61615737,26
10230,51,28,26.61615737,26
10231,51,29,31.47541044,31
10232,51,30,31.47541044,31
10233,51,31,32.89922348,32
10234,51,32,32.89922348,32
10235,51,33,30.18350052,30
10236,51,34,30.18350052,30
10237,51,35,50.17810331,50
10238,51,36,50.17810331,50
10239,51,37,44.5161778,44
10240,51,38,44.5161778,44
10241,51,39,38.96021607,38
10242,51,40,38.96021607,38
10243,51,41,50.03771699,50
10244,51,42,50.03771699,50
10245,51,43,38.91822433,38
10246,51,44,38.91822433,38
10247,51,45,50.07285323,50
10248,51,46,50.07285323,50
10249,51,47,38.96021607,38
10250,51,48,38.96021607,38
10251,51,49,50.25688539,50
10252,51,50,50.25688539,50
